{
  "material_name": "HfC UHTC",
  "k": 25.0,
  "rho": 12600.0,
  "cp": 280.0,
  "T_abl": 4200,
  "H": 8000000,
  "epsilon": 0.6,
  "r": 0.001,
  "L0": 0.1,
  "T0": 300.0,
  "altitude": 20000,
  "M_inf": 25,
  "T_inf": 216.69,
  "P_inf": 980.355372479528,
  "rho_inf": 0.015761011520544946,
  "T_r": 27302.939999999995,
  "V_inf": 7377.407108530747,
  "gamma": 1.4,
  "R_gas": 287.052,
  "sigma": 5.67e-08,
  "C_sg": 0.000174153,
  "qs": 277609454.62346137,
  "N": 100,
  "smooth_width": 10.0,
  "h": 0.01,
  "dt": 0.001,
  "t_max": 60,
  "strategy": "Radau"
}